,0,1
0,Double or Nothing: Multiplicative Incentive Mechanisms for Crowdsourcing.,"Nihar Bhadresh Shah,Denny Zhou,"
1,Learning with Symmetric Label Noise: The Importance of Being Unhinged.,"Brendan van Rooyen,Aditya Krishna Menon,Robert C. Williamson,"
2,Algorithmic Stability and Uniform Generalization.,"Ibrahim M. Alabdulmohsin,"
3,Adaptive Low-Complexity Sequential Inference for Dirichlet Process Mixture Models.,"Theodoros Tsiligkaridis,Keith W. Forsythe,"
4,Covariance-Controlled Adaptive Langevin Thermostat for Large-Scale Bayesian Sampling.,"Xiaocheng Shang,Zhanxing Zhu,Benedict J. Leimkuhler,Amos J. Storkey,"
5,Robust Portfolio Optimization.,"Huitong Qiu,Fang Han,Han Liu,Brian Caffo,"
6,Logarithmic Time Online Multiclass prediction.,"Anna Choromanska,John Langford,"
7,Planar Ultrametrics for Image Segmentation.,"Julian Yarkony,Charless C. Fowlkes,"
8,Expressing an Image Stream with a Sequence of Natural Sentences.,"Cesc C. Park,Gunhee Kim,"
9,Parallel Correlation Clustering on Big Graphs.,"Xinghao Pan,Dimitris S. Papailiopoulos,Samet Oymak,Benjamin Recht,Kannan Ramchandran,Michael I. Jordan,"
10,Faster R-CNN: Towards Real-Time Object Detection with Region Proposal Networks.,"Shaoqing Ren,Kaiming He,Ross B. Girshick,Jian Sun,"
11,Space-Time Local Embeddings.,"Ke Sun,Jun Wang,Alexandros Kalousis,Stéphane Marchand-Maillet,"
12,A Convergent Gradient Descent Algorithm for Rank Minimization and Semidefinite Programming from Random Linear Measurements.,"Qinqing Zheng,John D. Lafferty,"
13,Smooth Interactive Submodular Set Cover.,"Bryan D. He,Yisong Yue,"
14,Galileo: Perceiving Physical Object Properties by Integrating a Physics Engine with Deep Learning.,"Jiajun Wu,Ilker Yildirim,Joseph J. Lim,Bill Freeman,Joshua B. Tenenbaum,"
15,On the Pseudo-Dimension of Nearly Optimal Auctions.,"Jamie Morgenstern,Tim Roughgarden,"
16,Unlocking neural population non-stationarities using hierarchical dynamics models.,"Mijung Park,Gergo Bohner,Jakob H. Macke,"
17,Bayesian Manifold Learning: The Locally Linear Latent Variable Model (LL-LVM).,"Mijung Park,Wittawat Jitkrittum,Ahmad Qamar,Zoltán Szabó,Lars Buesing,Maneesh Sahani,"
18,Color Constancy by Learning to Predict Chromaticity from Luminance.,"Ayan Chakrabarti,"
19,Fast and Accurate Inference of Plackett-Luce Models.,"Lucas Maystre,Matthias Grossglauser,"
20,Probabilistic Line Searches for Stochastic Optimization.,"Maren Mahsereci,Philipp Hennig,"
21,Inferring Algorithmic Patterns with Stack-Augmented Recurrent Nets.,"Armand Joulin,Tomás Mikolov,"
22,Where are they looking?,"Adrià Recasens,Aditya Khosla,Carl Vondrick,Antonio Torralba,"
23,The Pareto Regret Frontier for Bandits.,"Tor Lattimore,"
24,On the Limitation of Spectral Methods: From the Gaussian Hidden Clique Problem to Rank-One Perturbations of Gaussian Tensors.,"Andrea Montanari,Daniel Reichman,Ofer Zeitouni,"
25,Measuring Sample Quality with Stein's Method.,"Jackson Gorham,Lester W. Mackey,"
26,Bidirectional Recurrent Convolutional Networks for Multi-Frame Super-Resolution.,"Yan Huang,Wei Wang,Liang Wang,"
27,Bounding errors of Expectation-Propagation.,"Guillaume P. Dehaene,Simon Barthelmé,"
28,"A fast, universal algorithm to learn parametric nonlinear embeddings.","Miguel Á. Carreira-Perpiñán,Max Vladymyrov,"
29,Texture Synthesis Using Convolutional Neural Networks.,"Leon A. Gatys,Alexander S. Ecker,Matthias Bethge,"
30,Extending Gossip Algorithms to Distributed Estimation of U-statistics.,"Igor Colin,Aurélien Bellet,Joseph Salmon,Stéphan Clémençon,"
31,"Streaming, Distributed Variational Inference for Bayesian Nonparametrics.","Trevor Campbell,Julian Straub,John W. Fisher III,Jonathan P. How,"
32,Learning visual biases from human imagination.,"Carl Vondrick,Hamed Pirsiavash,Aude Oliva,Antonio Torralba,"
33,Smooth and Strong: MAP Inference with Linear Convergence.,"Ofer Meshi,Mehrdad Mahdavi,Alexander G. Schwing,"
34,Copeland Dueling Bandits.,"Masrour Zoghi,Zohar S. Karnin,Shimon Whiteson,Maarten de Rijke,"
35,Optimal Ridge Detection using Coverage Risk.,"Yen-Chi Chen,Christopher R. Genovese,Shirley Ho,Larry A. Wasserman,"
36,Top-k Multiclass SVM.,"Maksim Lapin,Matthias Hein,Bernt Schiele,"
37,Policy Evaluation Using the Ω-Return.,"Philip S. Thomas,Scott Niekum,Georgios Theocharous,George Dimitri Konidaris,"
38,Orthogonal NMF through Subspace Exploration.,"Megasthenis Asteris,Dimitris S. Papailiopoulos,Alexandros G. Dimakis,"
39,Stochastic Online Greedy Learning with Semi-bandit Feedbacks.,"Tian Lin,Jian Li,Wei Chen,"
40,Deeply Learning the Messages in Message Passing Inference.,"Guosheng Lin,Chunhua Shen,Ian D. Reid,Anton van den Hengel,"
41,Synaptic Sampling: A Bayesian Approach to Neural Network Plasticity and Rewiring.,"David Kappel,Stefan Habenschuss,Robert A. Legenstein,Wolfgang Maass,"
42,Accelerated Proximal Gradient Methods for Nonconvex Programming.,"Huan Li,Zhouchen Lin,"
43,Approximating Sparse PCA from Incomplete Data.,"Abhisek Kundu,Petros Drineas,Malik Magdon-Ismail,"
44,"Nonparametric von Mises Estimators for Entropies, Divergences and Mutual Informations.","Kirthevasan Kandasamy,Akshay Krishnamurthy,Barnabás Póczos,Larry A. Wasserman,James M. Robins,"
45,Column Selection via Adaptive Sampling.,"Saurabh Paul,Malik Magdon-Ismail,Petros Drineas,"
46,HONOR: Hybrid Optimization for NOn-convex Regularized problems.,"Pinghua Gong,Jieping Ye,"
47,3D Object Proposals for Accurate Object Class Detection.,"Xiaozhi Chen,Kaustav Kundu,Yukun Zhu,Andrew G. Berneshawi,Huimin Ma,Sanja Fidler,Raquel Urtasun,"
48,Algorithms with Logarithmic or Sublinear Regret for Constrained Contextual Bandits.,"Huasen Wu,R. Srikant,Xin Liu,Chong Jiang,"
49,Tensorizing Neural Networks.,"Alexander Novikov,Dmitry Podoprikhin,Anton Osokin,Dmitry P. Vetrov,"
50,Parallelizing MCMC with Random Partition Trees.,"Xiangyu Wang,Fangjian Guo,Katherine A. Heller,David B. Dunson,"
51,A Reduced-Dimension fMRI Shared Response Model.,"Po-Hsuan Chen,Janice Chen,Yaara Yeshurun,Uri Hasson,James V. Haxby,Peter J. Ramadge,"
52,Spectral Learning of Large Structured HMMs for Comparative Epigenomics.,"Chicheng Zhang,Jimin Song,Kamalika Chaudhuri,Kevin C. Chen,"
53,"Individual Planning in Infinite-Horizon Multiagent Settings: Inference, Structure and Scalability.","Xia Qu,Prashant Doshi,"
54,Estimating Mixture Models via Mixtures of Polynomials.,"Sida I. Wang,Arun Tejasvi Chaganty,Percy Liang,"
55,On the Global Linear Convergence of Frank-Wolfe Optimization Variants.,"Simon Lacoste-Julien,Martin Jaggi,"
56,Deep Knowledge Tracing.,"Chris Piech,Jonathan Bassen,Jonathan Huang,Surya Ganguli,Mehran Sahami,Leonidas J. Guibas,Jascha Sohl-Dickstein,"
57,Rethinking LDA: Moment Matching for Discrete ICA.,"Anastasia Podosinnikova,Francis R. Bach,Simon Lacoste-Julien,"
58,Efficient Compressive Phase Retrieval with Constrained Sensing Vectors.,"Sohail Bahmani,Justin K. Romberg,"
59,Barrier Frank-Wolfe for Marginal Inference.,"Rahul G. Krishnan,Simon Lacoste-Julien,David A. Sontag,"
60,Learning Theory and Algorithms for Forecasting Non-stationary Time Series.,"Vitaly Kuznetsov,Mehryar Mohri,"
61,Compressive spectral embedding: sidestepping the SVD.,"Dinesh Ramasamy,Upamanyu Madhow,"
62,A Nonconvex Optimization Framework for Low Rank Matrix Estimation.,"Tuo Zhao,Zhaoran Wang,Han Liu,"
63,Automatic Variational Inference in Stan.,"Alp Kucukelbir,Rajesh Ranganath,Andrew Gelman,David M. Blei,"
64,Attention-Based Models for Speech Recognition.,"Jan Chorowski,Dzmitry Bahdanau,Dmitriy Serdyuk,Kyunghyun Cho,Yoshua Bengio,"
65,Closed-form Estimators for High-dimensional Generalized Linear Models.,"Eunho Yang,Aurelie C. Lozano,Pradeep Ravikumar,"
66,Online F-Measure Optimization.,"Róbert Busa-Fekete,Balázs Szörényi,Krzysztof Dembczynski,Eyke Hüllermeier,"
67,Online Rank Elicitation for Plackett-Luce: A Dueling Bandits Approach.,"Balázs Szörényi,Róbert Busa-Fekete,Adil Paul,Eyke Hüllermeier,"
68,M-Best-Diverse Labelings for Submodular Energies and Beyond.,"Alexander Kirillov,Dmytro Shlezinger,Dmitry P. Vetrov,Carsten Rother,Bogdan Savchynskyy,"
69,Tractable Bayesian Network Structure Learning with Bounded Vertex Cover Number.,"Janne H. Korhonen,Pekka Parviainen,"
70,Learning Large-Scale Poisson DAG Models based on OverDispersion Scoring.,"Gunwoong Park,Garvesh Raskutti,"
71,Training Restricted Boltzmann Machine via the Thouless-Anderson-Palmer free energy.,"Marylou Gabrié,Eric W. Tramel,Florent Krzakala,"
72,Character-level Convolutional Networks for Text Classification.,"Xiang Zhang,Junbo Jake Zhao,Yann LeCun,"
73,Robust Feature-Sample Linear Discriminant Analysis for Brain Disorders Diagnosis.,"Ehsan Adeli-Mosabbeb,Kim-Han Thung,Le An,Feng Shi,Dinggang Shen,"
74,Black-box optimization of noisy functions with unknown smoothness.,"Jean-Bastien Grill,Michal Valko,Rémi Munos,"
75,Recovering Communities in the General Stochastic Block Model Without Knowing the Parameters.,"Emmanuel Abbe,Colin Sandon,"
76,Deep learning with Elastic Averaging SGD.,"Sixin Zhang,Anna Choromanska,Yann LeCun,"
77,Monotone k-Submodular Function Maximization with Size Constraints.,"Naoto Ohsaka,Yuichi Yoshida,"
78,Active Learning from Weak and Strong Labelers.,"Chicheng Zhang,Kamalika Chaudhuri,"
79,On the Optimality of Classifier Chain for Multi-label Classification.,"Weiwei Liu,Ivor W. Tsang,"
80,Robust Regression via Hard Thresholding.,"Kush Bhatia,Prateek Jain,Purushottam Kar,"
81,Sparse Local Embeddings for Extreme Multi-label Classification.,"Kush Bhatia,Himanshu Jain,Purushottam Kar,Manik Varma,Prateek Jain,"
82,Solving Random Quadratic Systems of Equations Is Nearly as Easy as Solving Linear Systems.,"Yuxin Chen,Emmanuel J. Candès,"
83,A Framework for Individualizing Predictions of Disease Trajectories by Exploiting Multi-Resolution Structure.,"Peter Schulam,Suchi Saria,"
84,Subspace Clustering with Irrelevant Features via Robust Dantzig Selector.,"Chao Qu,Huan Xu,"
85,Sparse PCA via Bipartite Matchings.,"Megasthenis Asteris,Dimitris S. Papailiopoulos,Anastasios Kyrillidis,Alexandros G. Dimakis,"
86,Fast Randomized Kernel Ridge Regression with Statistical Guarantees.,"Ahmed El Alaoui,Michael W. Mahoney,"
87,Online Learning for Adversaries with Memory: Price of Past Mistakes.,"Oren Anava,Elad Hazan,Shie Mannor,"
88,Convolutional spike-triggered covariance analysis for neural subunit models.,"Anqi Wu,Il Memming Park,Jonathan W. Pillow,"
89,Convolutional LSTM Network: A Machine Learning Approach for Precipitation Nowcasting.,"Xingjian Shi,Zhourong Chen,Hao Wang,Dit-Yan Yeung,Wai-Kin Wong,Wang-chun Woo,"
90,GAP Safe screening rules for sparse multi-task and multi-class models.,"Eugène Ndiaye,Olivier Fercoq,Alexandre Gramfort,Joseph Salmon,"
91,Empirical Localization of Homogeneous Divergences on Discrete Sample Spaces.,"Takashi Takenouchi,Takafumi Kanamori,"
92,Statistical Model Criticism using Kernel Two Sample Tests.,"James Robert Lloyd,Zoubin Ghahramani,"
93,Precision-Recall-Gain Curves: PR Analysis Done Right.,"Peter A. Flach,Meelis Kull,"
94,A Generalization of Submodular Cover via the Diminishing Return Property on the Integer Lattice.,"Tasuku Soma,Yuichi Yoshida,"
95,Bidirectional Recurrent Neural Networks as Generative Models.,"Mathias Berglund,Tapani Raiko,Mikko Honkala,Leo Kärkkäinen,Akos Vetek,Juha Karhunen,"
96,Quartz: Randomized Dual Coordinate Ascent with Arbitrary Sampling.,"Zheng Qu,Peter Richtárik,Tong Zhang,"
97,Maximum Likelihood Learning With Arbitrary Treewidth via Fast-Mixing Parameter Sets.,"Justin Domke,"
98,Hessian-free Optimization for Learning Deep Multidimensional Recurrent Neural Networks.,"Minhyung Cho,Chandra Shekhar Dhir,Jaehyung Lee,"
99,Large-scale probabilistic predictors with and without guarantees of validity.,"Vladimir Vovk,Ivan Petej,Valentina Fedorova,"
100,Shepard Convolutional Neural Networks.,"Jimmy S. J. Ren,Li Xu,Qiong Yan,Wenxiu Sun,"
101,Matrix Manifold Optimization for Gaussian Mixtures.,"Reshad Hosseini,Suvrit Sra,"
102,Semi-supervised Convolutional Neural Networks for Text Categorization via Region Embedding.,"Rie Johnson,Tong Zhang,"
103,Parallel Recursive Best-First AND/OR Search for Exact MAP Inference in Graphical Models.,"Akihiro Kishimoto,Radu Marinescu,Adi Botea,"
104,Convolutional Neural Networks with Intra-Layer Recurrent Connections for Scene Labeling.,"Ming Liang,Xiaolin Hu,Bo Zhang,"
105,Bounding the Cost of Search-Based Lifted Inference.,"David B. Smith,Vibhav Gogate,"
106,Gradient-free Hamiltonian Monte Carlo with Efficient Kernel Exponential Families.,"Heiko Strathmann,Dino Sejdinovic,Samuel Livingstone,Zoltán Szabó,Arthur Gretton,"
107,Linear Multi-Resource Allocation with Semi-Bandit Feedback.,"Tor Lattimore,Koby Crammer,Csaba Szepesvári,"
108,Unsupervised Learning by Program Synthesis.,"Kevin Ellis,Armando Solar-Lezama,Joshua B. Tenenbaum,"
109,Enforcing balance allows local supervised learning in spiking recurrent networks.,"Ralph Bourdoukan,Sophie Denève,"
110,Fast and Guaranteed Tensor Decomposition via Sketching.,"Yining Wang,Hsiao-Yu Fish Tung,Alexander J. Smola,Anima Anandkumar,"
111,Differentially private subspace clustering.,"Yining Wang,Yu-Xiang Wang,Aarti Singh,"
112,Predtron: A Family of Online Algorithms for General Prediction Problems.,"Prateek Jain,Nagarajan Natarajan,Ambuj Tewari,"
113,"Weighted Theta Functions and Embeddings with Applications to Max-Cut, Clustering and Summarization.","Fredrik D. Johansson,Ankani Chattoraj,Chiranjib Bhattacharyya,Devdatt P. Dubhashi,"
114,SGD Algorithms based on Incomplete U-statistics: Large-Scale Minimization of Empirical Risk.,"Guillaume Papa,Stéphan Clémençon,Aurélien Bellet,"
115,On Top-k Selection in Multi-Armed Bandits and Hidden Bipartite Graphs.,"Wei Cao,Jian Li,Yufei Tao,Zhize Li,"
116,The Brain Uses Reliability of Stimulus Information when Making Perceptual Decisions.,"Sebastian Bitzer,Stefan J. Kiebel,"
117,Fast Classification Rates for High-dimensional Gaussian Generative Models.,"Tianyang Li,Adarsh Prasad,Pradeep Ravikumar,"
118,Fast Distributed k-Center Clustering with Outliers on Massive Data.,"Gustavo Malkomes,Matt J. Kusner,Wenlin Chen,Kilian Q. Weinberger,Benjamin Moseley,"
119,Human Memory Search as Initial-Visit Emitting Random Walk.,"Kwang-Sung Jun,Xiaojin Zhu,Timothy T. Rogers,Zhuoran Yang,Ming Yuan,"
120,Non-convex Statistical Optimization for Sparse Tensor Graphical Model.,"Wei Sun,Zhaoran Wang,Han Liu,Guang Cheng,"
121,Convergence Rates of Active Learning for Maximum Likelihood Estimation.,"Kamalika Chaudhuri,Sham M. Kakade,Praneeth Netrapalli,Sujay Sanghavi,"
122,Weakly-supervised Disentangling with Recurrent Transformations for 3D View Synthesis.,"Jimei Yang,Scott E. Reed,Ming-Hsuan Yang,Honglak Lee,"
123,Efficient Exact Gradient Update for training Deep Networks with Very Large Sparse Targets.,"Pascal Vincent,Alexandre de Brébisson,Xavier Bouthillier,"
124,Backpropagation for Energy-Efficient Neuromorphic Computing.,"Steven K. Esser,Rathinakumar Appuswamy,Paul Merolla,John V. Arthur,Dharmendra S. Modha,"
125,Alternating Minimization for Regression Problems with Vector-valued Outputs.,"Prateek Jain,Ambuj Tewari,"
126,Learning both Weights and Connections for Efficient Neural Network.,"Song Han,Jeff Pool,John Tran,William J. Dally,"
127,Optimal Rates for Random Fourier Features.,"Bharath K. Sriperumbudur,Zoltán Szabó,"
128,The Population Posterior and Bayesian Modeling on Streams.,"James McInerney,Rajesh Ranganath,David M. Blei,"
129,Frank-Wolfe Bayesian Quadrature: Probabilistic Integration with Theoretical Guarantees.,"François-Xavier Briol,Chris J. Oates,Mark A. Girolami,Michael A. Osborne,"
130,Scheduled Sampling for Sequence Prediction with Recurrent Neural Networks.,"Samy Bengio,Oriol Vinyals,Navdeep Jaitly,Noam Shazeer,"
131,Unified View of Matrix Completion under General Structural Constraints.,"Suriya Gunasekar,Arindam Banerjee,Joydeep Ghosh,"
132,Efficient Output Kernel Learning for Multiple Tasks.,"Pratik Jawanpuria,Maksim Lapin,Matthias Hein,Bernt Schiele,"
133,Scalable Adaptation of State Complexity for Nonparametric Hidden Markov Models.,"Michael C. Hughes,William T. Stephenson,Erik B. Sudderth,"
134,Variational Consensus Monte Carlo.,"Maxim Rabinovich,Elaine Angelino,Michael I. Jordan,"
135,Newton-Stein Method: A Second Order Method for GLMs via Stein's Lemma.,"Murat A. Erdogdu,"
136,Practical and Optimal LSH for Angular Distance.,"Alexandr Andoni,Piotr Indyk,Thijs Laarhoven,Ilya P. Razenshteyn,Ludwig Schmidt,"
137,Learning to Linearize Under Uncertainty.,"Ross Goroshin,Michaël Mathieu,Yann LeCun,"
138,Finite-Time Analysis of Projected Langevin Monte Carlo.,"Sébastien Bubeck,Ronen Eldan,Joseph Lehec,"
139,Deep Visual Analogy-Making.,"Scott E. Reed,Yi Zhang,Yuting Zhang,Honglak Lee,"
140,Matrix Completion from Fewer Entries: Spectral Detectability and Rank Estimation.,"Alaa Saade,Florent Krzakala,Lenka Zdeborová,"
141,Online Learning with Adversarial Delays.,"Kent Quanrud,Daniel Khashabi,"
142,Multi-Layer Feature Reduction for Tree Structured Group Lasso via Hierarchical Projection.,"Jie Wang,Jieping Ye,"
143,Minimum Weight Perfect Matching via Blossom Belief Propagation.,"Sungsoo Ahn,Sejun Park,Michael Chertkov,Jinwoo Shin,"
144,Efficient Thompson Sampling for Online Matrix-Factorization Recommendation.,"Jaya Kawale,Hung Hai Bui,Branislav Kveton,Long Tran-Thanh,Sanjay Chawla,"
145,Improved Iteration Complexity Bounds of Cyclic Block Coordinate Descent for Convex Problems.,"Ruoyu Sun,Mingyi Hong,"
146,Lifted Symmetry Detection and Breaking for MAP Inference.,"Timothy Kopp,Parag Singla,Henry A. Kautz,"
147,Evaluating the statistical significance of biclusters.,"Jason D. Lee,Yuekai Sun,Jonathan E. Taylor,"
148,Discriminative Robust Transformation Learning.,"Jiaji Huang,Qiang Qiu,Guillermo Sapiro,A. Robert Calderbank,"
149,Bandits with Unobserved Confounders: A Causal Approach.,"Elias Bareinboim,Andrew Forney,Judea Pearl,"
150,Scalable Semi-Supervised Aggregation of Classifiers.,"Akshay Balsubramani,Yoav Freund,"
151,Online Learning with Gaussian Payoffs and Side Observations.,"Yifan Wu,András György,Csaba Szepesvári,"
152,Private Graphon Estimation for Sparse Graphs.,"Christian Borgs,Jennifer T. Chayes,Adam D. Smith,"
153,SubmodBoxes: Near-Optimal Search for a Set of Diverse Object Proposals.,"Qing Sun,Dhruv Batra,"
154,Fast Second Order Stochastic Backpropagation for Variational Inference.,"Kai Fan,Ziteng Wang,Jeffrey M. Beck,James T. Kwok,Katherine A. Heller,"
155,Randomized Block Krylov Methods for Stronger and Faster Approximate Singular Value Decomposition.,"Cameron Musco,Christopher Musco,"
156,Cross-Domain Matching for Bag-of-Words Data via Kernel Embeddings of Latent Distributions.,"Yuya Yoshikawa,Tomoharu Iwata,Hiroshi Sawada,Takeshi Yamada,"
157,Scalable Inference for Gaussian Process Models with Black-Box Likelihoods.,"Amir Dezfouli,Edwin V. Bonilla,"
158,Fast Bidirectional Probability Estimation in Markov Models.,"Siddhartha Banerjee,Peter Lofgren,"
159,Probabilistic Variational Bounds for Graphical Models.,"Qiang Liu,John W. Fisher III,Alexander T. Ihler,"
160,Linear Response Methods for Accurate Covariance Estimates from Mean Field Variational Bayes.,"Ryan Giordano,Tamara Broderick,Michael I. Jordan,"
161,Combinatorial Cascading Bandits.,"Branislav Kveton,Zheng Wen,Azin Ashkan,Csaba Szepesvári,"
162,Mixing Time Estimation in Reversible Markov Chains from a Single Sample Path.,"Daniel J. Hsu,Aryeh Kontorovich,Csaba Szepesvári,"
163,Policy Gradient for Coherent Risk Measures.,"Aviv Tamar,Yinlam Chow,Mohammad Ghavamzadeh,Shie Mannor,"
164,Fast Rates for Exp-concave Empirical Risk Minimization.,"Tomer Koren,Kfir Y. Levy,"
165,Deep Generative Image Models using a Laplacian Pyramid of Adversarial Networks.,"Emily L. Denton,Soumith Chintala,Arthur Szlam,Rob Fergus,"
166,Decoupled Deep Neural Network for Semi-supervised Semantic Segmentation.,"Seunghoon Hong,Hyeonwoo Noh,Bohyung Han,"
167,Equilibrated adaptive learning rates for non-convex optimization.,"Yann N. Dauphin,Harm de Vries,Yoshua Bengio,"
168,BACKSHIFT: Learning causal cyclic graphs from unknown shift interventions.,"Dominik Rothenhäusler,Christina Heinze,Jonas Peters,Nicolai Meinshausen,"
169,Risk-Sensitive and Robust Decision-Making: a CVaR Optimization Approach.,"Yinlam Chow,Aviv Tamar,Shie Mannor,Marco Pavone,"
170,Asynchronous stochastic convex optimization: the noise is in the noise and SGD don't care.,"Sorathan Chaturapruek,John C. Duchi,Christopher Ré,"
171,Lifelong Learning with Non-i.i.d. Tasks.,"Anastasia Pentina,Christoph H. Lampert,"
172,Optimal Linear Estimation under Unknown Nonlinear Transform.,"Xinyang Yi,Zhaoran Wang,Constantine Caramanis,Han Liu,"
173,Learning with Group Invariant Features: A Kernel Perspective.,"Youssef Mroueh,Stephen Voinea,Tomaso A. Poggio,"
174,Regularized EM Algorithms: A Unified Framework and Statistical Guarantees.,"Xinyang Yi,Constantine Caramanis,"
175,Distributionally Robust Logistic Regression.,"Soroosh Shafieezadeh-Abadeh,Peyman Mohajerin Esfahani,Daniel Kuhn,"
176,Adaptive Stochastic Optimization: From Sets to Paths.,"Zhan Wei Lim,David Hsu,Wee Sun Lee,"
177,Beyond Convexity: Stochastic Quasi-Convex Optimization.,"Elad Hazan,Kfir Y. Levy,Shai Shalev-Shwartz,"
178,A Tractable Approximation to Optimal Point Process Filtering: Application to Neural Encoding.,"Yuval Harel,Ron Meir,Manfred Opper,"
179,Sum-of-Squares Lower Bounds for Sparse PCA.,"Tengyu Ma,Avi Wigderson,"
180,Max-Margin Majority Voting for Learning from Crowds.,"Tian Tian,Jun Zhu,"
181,Learning with Incremental Iterative Regularization.,"Lorenzo Rosasco,Silvia Villa,"
182,Halting in Random Walk Kernels.,"Mahito Sugiyama,Karsten M. Borgwardt,"
183,MCMC for Variationally Sparse Gaussian Processes.,"James Hensman,Alexander G. de G. Matthews,Maurizio Filippone,Zoubin Ghahramani,"
184,Less is More: Nyström Computational Regularization.,"Alessandro Rudi,Raffaello Camoriano,Lorenzo Rosasco,"
185,Infinite Factorial Dynamical Model.,"Isabel Valera,Francisco J. R. Ruiz,Lennart Svensson,Fernando Pérez-Cruz,"
186,Regularization Path of Cross-Validation Error Lower Bounds.,"Atsushi Shibagaki,Yoshiki Suzuki,Masayuki Karasuyama,Ichiro Takeuchi,"
187,Attractor Network Dynamics Enable Preplay and Rapid Path Planning in Maze-like Environments.,"Dane S. Corneil,Wulfram Gerstner,"
188,Teaching Machines to Read and Comprehend.,"Karl Moritz Hermann,Tomás Kociský,Edward Grefenstette,Lasse Espeholt,Will Kay,Mustafa Suleyman,Phil Blunsom,"
189,Principal Differences Analysis: Interpretable Characterization of Differences between Distributions.,"Jonas Mueller,Tommi S. Jaakkola,"
190,When are Kalman-Filter Restless Bandits Indexable?,"Christopher R. Dance,Tomi Silander,"
191,Segregated Graphs and Marginals of Chain Graph Models.,"Ilya Shpitser,"
192,Efficient Non-greedy Optimization of Decision Trees.,"Mohammad Norouzi,Maxwell D. Collins,Matthew Johnson,David J. Fleet,Pushmeet Kohli,"
193,Probabilistic Curve Learning: Coulomb Repulsion and the Electrostatic Gaussian Process.,"Ye Wang,David B. Dunson,"
194,Inverse Reinforcement Learning with Locally Consistent Reward Functions.,"Quoc Phong Nguyen,Kian Hsiang Low,Patrick Jaillet,"
195,Communication Complexity of Distributed Convex Learning and Optimization.,"Yossi Arjevani,Ohad Shamir,"
196,End-to-end Learning of LDA by Mirror-Descent Back Propagation over a Deep Architecture.,"Jianshu Chen,Ji He,Yelong Shen,Lin Xiao,Xiaodong He,Jianfeng Gao,Xinying Song,Li Deng,"
197,Subset Selection by Pareto Optimization.,"Chao Qian,Yang Yu,Zhi-Hua Zhou,"
198,On the Accuracy of Self-Normalized Log-Linear Models.,"Jacob Andreas,Maxim Rabinovich,Michael I. Jordan,Dan Klein,"
199,Regret Lower Bound and Optimal Algorithm in Finite Stochastic Partial Monitoring.,"Junpei Komiyama,Junya Honda,Hiroshi Nakagawa,"
200,Is Approval Voting Optimal Given Approval Votes?,"Ariel D. Procaccia,Nisarg Shah,"
201,Regressive Virtual Metric Learning.,"Michaël Perrot,Amaury Habrard,"
202,Analysis of Robust PCA via Local Incoherence.,"Huishuai Zhang,Yi Zhou,Yingbin Liang,"
203,Learning to Transduce with Unbounded Memory.,"Edward Grefenstette,Karl Moritz Hermann,Mustafa Suleyman,Phil Blunsom,"
204,Max-Margin Deep Generative Models.,"Chongxuan Li,Jun Zhu,Tianlin Shi,Bo Zhang,"
205,Spherical Random Features for Polynomial Kernels.,"Jeffrey Pennington,Felix X. Yu,Sanjiv Kumar,"
206,Rectified Factor Networks.,"Djork-Arné Clevert,Andreas Mayr,Thomas Unterthiner,Sepp Hochreiter,"
207,Learning Bayesian Networks with Thousands of Variables.,"Mauro Scanagatta,Cassio P. de Campos,Giorgio Corani,Marco Zaffalon,"
208,Matrix Completion Under Monotonic Single Index Models.,"Ravi Sastry Ganti Mahapatruni,Laura Balzano,Rebecca Willett,"
209,Visalogy: Answering Visual Analogy Questions.,"Fereshteh Sadeghi,C. Lawrence Zitnick,Ali Farhadi,"
210,Tree-Guided MCMC Inference for Normalized Random Measure Mixture Models.,"Juho Lee,Seungjin Choi,"
211,Streaming Min-max Hypergraph Partitioning.,"Dan Alistarh,Jennifer Iglesias,Milan Vojnovic,"
212,Collaboratively Learning Preferences from Ordinal Data.,"Sewoong Oh,Kiran Koshy Thekumparampil,Jiaming Xu,"
213,Biologically Inspired Dynamic Textures for Probing Motion Perception.,"Jonathan Vacher,Andrew Isaac Meso,Laurent U. Perrinet,Gabriel Peyré,"
214,Generative Image Modeling Using Spatial LSTMs.,"Lucas Theis,Matthias Bethge,"
215,Robust PCA with compressed data.,"Wooseok Ha,Rina Foygel Barber,"
216,Sampling from Probabilistic Submodular Models.,"Alkis Gotovos,S. Hamed Hassani,Andreas Krause,"
217,COEVOLVE: A Joint Point Process Model for Information Diffusion and Network Co-evolution.,"Mehrdad Farajtabar,Yichen Wang,Manuel Gomez-Rodriguez,Shuang Li,Hongyuan Zha,Le Song,"
218,Supervised Learning for Dynamical System Learning.,"Ahmed Hefny,Carlton Downey,Geoffrey J. Gordon,"
219,Regret-Based Pruning in Extensive-Form Games.,"Noam Brown,Tuomas Sandholm,"
220,Fast Two-Sample Testing with Analytic Representations of Probability Measures.,"Kacper Chwialkowski,Aaditya Ramdas,Dino Sejdinovic,Arthur Gretton,"
221,Learning to Segment Object Candidates.,"Pedro H. O. Pinheiro,Ronan Collobert,Piotr Dollár,"
222,GP Kernels for Cross-Spectrum Analysis.,"Kyle R. Ulrich,David E. Carlson,Kafui Dzirasa,Lawrence Carin,"
223,Secure Multi-party Differential Privacy.,"Peter Kairouz,Sewoong Oh,Pramod Viswanath,"
224,Spatial Transformer Networks.,"Max Jaderberg,Karen Simonyan,Andrew Zisserman,Koray Kavukcuoglu,"
225,Anytime Influence Bounds and the Explosive Behavior of Continuous-Time Diffusion Networks.,"Kevin Scaman,Rémi Lemonnier,Nicolas Vayatis,"
226,Multi-class SVMs: From Tighter Data-Dependent Generalization Bounds to Novel Algorithms.,"Yunwen Lei,Ürün Dogan,Alexander Binder,Marius Kloft,"
227,High-dimensional neural spike train analysis with generalized count linear dynamical systems.,"Yuanjun Gao,Lars Buesing,Krishna V. Shenoy,John P. Cunningham,"
228,Learning with a Wasserstein Loss.,"Charlie Frogner,Chiyuan Zhang,Hossein Mobahi,Mauricio Araya-Polo,Tomaso A. Poggio,"
229,b-bit Marginal Regression.,"Martin Slawski,Ping Li,"
230,Natural Neural Networks.,"Guillaume Desjardins,Karen Simonyan,Razvan Pascanu,Koray Kavukcuoglu,"
231,Optimization Monte Carlo: Efficient and Embarrassingly Parallel Likelihood-Free Inference.,"Edward Meeds,Max Welling,"
232,Adaptive Primal-Dual Splitting Methods for Statistical Learning and Image Processing.,"Tom Goldstein,Min Li,Xiaoming Yuan,"
233,On some provably correct cases of variational inference for topic models.,"Pranjal Awasthi,Andrej Risteski,"
234,Collaborative Filtering with Graph Information: Consistency and Scalable Methods.,"Nikhil Rao,Hsiang-Fu Yu,Pradeep Ravikumar,Inderjit S. Dhillon,"
235,Combinatorial Bandits Revisited.,"Richard Combes,Mohammad Sadegh Talebi,Alexandre Proutière,Marc Lelarge,"
236,Variational Information Maximisation for Intrinsically Motivated Reinforcement Learning.,"Shakir Mohamed,Danilo Jimenez Rezende,"
237,A Structural Smoothing Framework For Robust Graph Comparison.,"Pinar Yanardag,S. V. N. Vishwanathan,"
238,Competitive Distribution Estimation: Why is Good-Turing Good.,"Alon Orlitsky,Ananda Theertha Suresh,"
239,Efficient Learning by Directed Acyclic Graph For Resource Constrained Prediction.,"Joseph Wang,Kirill Trapeznikov,Venkatesh Saligrama,"
240,A hybrid sampler for Poisson-Kingman mixture models.,"Maria Lomeli,Stefano Favaro,Yee Whye Teh,"
241,An Active Learning Framework using Sparse-Graph Codes for Sparse Polynomials and Graph Sketching.,"Xiao Li,Kannan Ramchandran,"
242,Local Smoothness in Variance Reduced Optimization.,"Daniel Vainsencher,Han Liu,Tong Zhang,"
243,"Saliency, Scale and Information: Towards a Unifying Theory.","Shafin Rahman,Neil D. B. Bruce,"
244,Fighting Bandits with a New Kind of Smoothness.,"Jacob D. Abernethy,Chansoo Lee,Ambuj Tewari,"
245,Beyond Sub-Gaussian Measurements: High-Dimensional Structured Estimation with Sub-Exponential Designs.,"Vidyashankar Sivakumar,Arindam Banerjee,Pradeep Ravikumar,"
246,Spectral Norm Regularization of Orthonormal Representations for Graph Transduction.,"Rakesh Shivanna,Bibaswan K. Chatterjee,Raman Sankaran,Chiranjib Bhattacharyya,Francis R. Bach,"
247,Convolutional Networks on Graphs for Learning Molecular Fingerprints.,"David Duvenaud,Dougal Maclaurin,Jorge Aguilera-Iparraguirre,Rafael Gómez-Bombarelli,Timothy Hirzel,Alán Aspuru-Guzik,Ryan P. Adams,"
248,"Mixed Robust/Average Submodular Partitioning: Fast Algorithms, Guarantees, and Applications.","Kai Wei,Rishabh K. Iyer,Shengjie Wang,Wenruo Bai,Jeff A. Bilmes,"
249,Tractable Learning for Complex Probability Queries.,"Jessa Bekker,Jesse Davis,Arthur Choi,Adnan Darwiche,Guy Van den Broeck,"
250,StopWasting My Gradients: Practical SVRG.,"Reza Babanezhad,Mohamed Osama Ahmed,Alim Virani,Mark Schmidt,Jakub Konecný,Scott Sallinen,"
251,Mind the Gap: A Generative Approach to Interpretable Feature Selection and Extraction.,"Been Kim,Julie A. Shah,Finale Doshi-Velez,"
252,A Normative Theory of Adaptive Dimensionality Reduction in Neural Networks.,"Cengiz Pehlevan,Dmitri B. Chklovskii,"
253,On the Convergence of Stochastic Gradient MCMC Algorithms with High-Order Integrators.,"Changyou Chen,Nan Ding,Lawrence Carin,"
254,Learning structured densities via infinite dimensional exponential families.,"Siqi Sun,Mladen Kolar,Jinbo Xu,"
255,Are You Talking to a Machine? Dataset and Methods for Multilingual Image Question.,"Haoyuan Gao,Junhua Mao,Jie Zhou,Zhiheng Huang,Lei Wang,Wei Xu,"
256,Variance Reduced Stochastic Gradient Descent with Neighbors.,"Thomas Hofmann,Aurélien Lucchi,Simon Lacoste-Julien,Brian McWilliams,"
257,Sample Efficient Path Integral Control under Uncertainty.,"Yunpeng Pan,Evangelos A. Theodorou,Michail Kontitsis,"
258,Stochastic Expectation Propagation.,"Yingzhen Li,José Miguel Hernández-Lobato,Richard E. Turner,"
259,Exactness of Approximate MAP Inference in Continuous MRFs.,"Nicholas Ruozzi,"
260,Scale Up Nonlinear Component Analysis with Doubly Stochastic Gradients.,"Bo Xie,Yingyu Liang,Le Song,"
261,Generalization in Adaptive Data Analysis and Holdout Reuse.,"Cynthia Dwork,Vitaly Feldman,Moritz Hardt,Toniann Pitassi,Omer Reingold,Aaron Roth,"
262,Market Scoring Rules Act As Opinion Pools For Risk-Averse Agents.,"Mithun Chakraborty,Sanmay Das,"
263,Sparse Linear Programming via Primal and Dual Augmented Coordinate Descent.,"Ian En-Hsu Yen,Kai Zhong,Cho-Jui Hsieh,Pradeep Ravikumar,Inderjit S. Dhillon,"
264,Training Very Deep Networks.,"Rupesh Kumar Srivastava,Klaus Greff,Jürgen Schmidhuber,"
265,Bayesian Active Model Selection with an Application to Automated Audiometry.,"Jacob R. Gardner,Gustavo Malkomes,Roman Garnett,Kilian Q. Weinberger,Dennis L. Barbour,John P. Cunningham,"
266,Particle Gibbs for Infinite Hidden Markov Models.,"Nilesh Tripuraneni,Shixiang Gu,Hong Ge,Zoubin Ghahramani,"
267,Learning spatiotemporal trajectories from manifold-valued longitudinal data.,"Jean-Baptiste Schiratti,Stéphanie Allassonnière,Olivier Colliot,Stanley Durrleman,"
268,A Bayesian Framework for Modeling Confidence in Perceptual Decision Making.,"Koosha Khalvati,Rajesh P. Rao,"
269,Path-SGD: Path-Normalized Optimization in Deep Neural Networks.,"Behnam Neyshabur,Ruslan Salakhutdinov,Nathan Srebro,"
270,On the consistency theory of high dimensional variable screening.,"Xiangyu Wang,Chenlei Leng,David B. Dunson,"
271,End-To-End Memory Networks.,"Sainbayar Sukhbaatar,Arthur Szlam,Jason Weston,Rob Fergus,"
272,Spectral Representations for Convolutional Neural Networks.,"Oren Rippel,Jasper Snoek,Ryan P. Adams,"
273,Online Gradient Boosting.,"Alina Beygelzimer,Elad Hazan,Satyen Kale,Haipeng Luo,"
274,Deep Temporal Sigmoid Belief Networks for Sequence Modeling.,"Zhe Gan,Chunyuan Li,Ricardo Henao,David E. Carlson,Lawrence Carin,"
275,Recognizing retinal ganglion cells in the dark.,"Emile Richard,Georges Goetz,E. J. Chichilnisky,"
276,A Theory of Decision Making Under Dynamic Context.,"Michael Shvartsman,Vaibhav Srivastava,Jonathan D. Cohen,"
277,A Gaussian Process Model of Quasar Spectral Energy Distributions.,"Andrew C. Miller,Albert Wu,Jeffrey Regier,Jon McAuliffe,Dustin Lang,Prabhat,David Schlegel,Ryan P. Adams,"
278,Hidden Technical Debt in Machine Learning Systems.,"D. Sculley,Gary Holt,Daniel Golovin,Eugene Davydov,Todd Phillips,Dietmar Ebner,Vinay Chaudhary,Michael Young,Jean-François Crespo,Dan Dennison,"
279,Local Causal Discovery of Direct Causes and Effects.,"Tian Gao,Qiang Ji,"
280,High Dimensional EM Algorithm: Statistical Optimization and Asymptotic Normality.,"Zhaoran Wang,Quanquan Gu,Yang Ning,Han Liu,"
281,Revenue Optimization against Strategic Buyers.,"Mehryar Mohri,Andres Muñoz Medina,"
282,Deep Convolutional Inverse Graphics Network.,"Tejas D. Kulkarni,William F. Whitney,Pushmeet Kohli,Joshua B. Tenenbaum,"
283,Sparse and Low-Rank Tensor Decomposition.,"Parikshit Shah,Nikhil S. Rao,Gongguo Tang,"
284,Minimax Time Series Prediction.,"Wouter M. Koolen,Alan Malek,Peter L. Bartlett,Yasin Abbasi-Yadkori,"
285,Differentially Private Learning of Structured Discrete Distributions.,"Ilias Diakonikolas,Moritz Hardt,Ludwig Schmidt,"
286,Variational Dropout and the Local Reparameterization Trick.,"Avrim Blum,Nika Haghtalab,Ariel D. Procaccia,"
287,Sample Complexity of Learning Mahalanobis Distance Metrics.,"Nakul Verma,Kristin Branson,"
288,Learning Wake-Sleep Recurrent Attention Models.,"Jimmy Ba,Ruslan Salakhutdinov,Roger B. Grosse,Brendan J. Frey,"
289,Robust Gaussian Graphical Modeling with the Trimmed Graphical Lasso.,"Eunho Yang,Aurelie C. Lozano,"
290,Testing Closeness With Unequal Sized Samples.,"Bhaswar B. Bhattacharya,Gregory Valiant,"
291,Estimating Jaccard Index with Missing Observations: A Matrix Calibration Approach.,"Wenye Li,"
292,Neural Adaptive Sequential Monte Carlo.,"Shixiang Gu,Zoubin Ghahramani,Richard E. Turner,"
293,Local Expectation Gradients for Black Box Variational Inference.,"Michalis K. Titsias,Miguel Lázaro-Gredilla,"
294,On Variance Reduction in Stochastic Gradient Descent and its Asynchronous Variants.,"Sashank J. Reddi,Ahmed Hefny,Suvrit Sra,Barnabás Póczos,Alexander J. Smola,"
295,"NEXT: A System for Real-World Development, Evaluation, and Application of Active Learning.","Kevin G. Jamieson,Lalit Jain,Chris Fernandez,Nicholas J. Glattard,Robert D. Nowak,"
296,Super-Resolution Off the Grid.,"Qingqing Huang,Sham M. Kakade,"
297,Taming the Wild: A Unified Analysis of Hogwild-Style Algorithms.,"Christopher De Sa,Ce Zhang,Kunle Olukotun,Christopher Ré,"
298,The Return of the Gating Network: Combining Generative Models and Discriminative Training in Natural Image Priors.,"Dan Rosenbaum,Yair Weiss,"
299,Pointer Networks.,"Oriol Vinyals,Meire Fortunato,Navdeep Jaitly,"
300,Associative Memory via a Sparse Recovery Model.,"Arya Mazumdar,Ankit Singh Rawat,"
301,Robust Spectral Inference for Joint Stochastic Matrix Factorization.,"Moontae Lee,David Bindel,David M. Mimno,"
302,"Fast, Provable Algorithms for Isotonic Regression in all L_p-norms.","Rasmus Kyng,Anup Rao,Sushant Sachdeva,"
303,Adversarial Prediction Games for Multivariate Losses.,"Hong Wang,Wei Xing,Kaiser Asif,Brian D. Ziebart,"
304,Asynchronous Parallel Stochastic Gradient for Nonconvex Optimization.,"Xiangru Lian,Yijun Huang,Yuncheng Li,Ji Liu,"
305,Embed to Control: A Locally Linear Latent Dynamics Model for Control from Raw Images.,"Manuel Watter,Jost Tobias Springenberg,Joschka Boedecker,Martin A. Riedmiller,"
306,Efficient and Parsimonious Agnostic Active Learning.,"Tzu-Kuo Huang,Alekh Agarwal,Daniel J. Hsu,John Langford,Robert E. Schapire,"
307,Softstar: Heuristic-Guided Probabilistic Inference.,"Mathew Monfort,Brenden M. Lake,Brian D. Ziebart,Patrick Lucey,Joshua B. Tenenbaum,"
308,Grammar as a Foreign Language.,"Oriol Vinyals,Lukasz Kaiser,Terry Koo,Slav Petrov,Ilya Sutskever,Geoffrey E. Hinton,"
309,Regularization-Free Estimation in Trace Regression with Symmetric Positive Semidefinite Matrices.,"Martin Slawski,Ping Li,Matthias Hein,"
310,Winner-Take-All Autoencoders.,"Alireza Makhzani,Brendan J. Frey,"
311,Deep Poisson Factor Modeling.,"Ricardo Henao,Zhe Gan,James Lu,Lawrence Carin,"
312,Bayesian Optimization with Exponential Convergence.,"Kenji Kawaguchi,Leslie Pack Kaelbling,Tomás Lozano-Pérez,"
313,Sample Complexity of Episodic Fixed-Horizon Reinforcement Learning.,"Christoph Dann,Emma Brunskill,"
314,Learning with Relaxed Supervision.,"Jacob Steinhardt,Percy Liang,"
315,Subsampled Power Iteration: a Unified Algorithm for Block Models and Planted CSP's.,"Vitaly Feldman,Will Perkins,Santosh S. Vempala,"
316,Accelerated Mirror Descent in Continuous and Discrete Time.,"Walid Krichene,Alexandre M. Bayen,Peter L. Bartlett,"
317,The Human Kernel.,"Andrew Gordon Wilson,Christoph Dann,Christopher G. Lucas,Eric P. Xing,"
318,Action-Conditional Video Prediction using Deep Networks in Atari Games.,"Junhyuk Oh,Xiaoxiao Guo,Honglak Lee,Richard L. Lewis,Satinder P. Singh,"
319,A Pseudo-Euclidean Iteration for Optimal Recovery in Noisy ICA.,"James R. Voss,Mikhail Belkin,Luis Rademacher,"
320,Distributed Submodular Cover: Succinctly Summarizing Massive Data.,"Baharan Mirzasoleiman,Amin Karbasi,Ashwinkumar Badanidiyuru,Andreas Krause,"
321,Community Detection via Measure Space Embedding.,"Mark Kozdoba,Shie Mannor,"
322,Basis refinement strategies for linear value function approximation in MDPs.,"Gheorghe Comanici,Doina Precup,Prakash Panangaden,"
323,Structured Estimation with Atomic Norms: General Bounds and Applications.,"Sheng Chen,Arindam Banerjee,"
324,A Complete Recipe for Stochastic Gradient MCMC.,"Yi-An Ma,Tianqi Chen,Emily B. Fox,"
325,Bandit Smooth Convex Optimization: Improving the Bias-Variance Tradeoff.,"Ofer Dekel,Ronen Eldan,Tomer Koren,"
326,Online Prediction at the Limit of Zero Temperature.,"Mark Herbster,Stephen Pasteris,Shaona Ghosh,"
327,Learning Continuous Control Policies by Stochastic Value Gradients.,"Nicolas Heess,Gregory Wayne,David Silver,Timothy P. Lillicrap,Tom Erez,Yuval Tassa,"
328,Exploring Models and Data for Image Question Answering.,"Mengye Ren,Ryan Kiros,Richard S. Zemel,"
329,Efficient and Robust Automated Machine Learning.,"Matthias Feurer,Aaron Klein,Katharina Eggensperger,Jost Tobias Springenberg,Manuel Blum,Frank Hutter,"
330,Preconditioned Spectral Descent for Deep Learning.,"David E. Carlson,Edo Collins,Ya-Ping Hsieh,Lawrence Carin,Volkan Cevher,"
331,A Recurrent Latent Variable Model for Sequential Data.,"Junyoung Chung,Kyle Kastner,Laurent Dinh,Kratarth Goel,Aaron C. Courville,Yoshua Bengio,"
332,Fast Convergence of Regularized Learning in Games.,"Vasilis Syrgkanis,Alekh Agarwal,Haipeng Luo,Robert E. Schapire,"
333,"Parallel Multi-Dimensional LSTM, With Application to Fast Biomedical Volumetric Image Segmentation.","Marijn F. Stollenga,Wonmin Byeon,Marcus Liwicki,Jürgen Schmidhuber,"
334,"Reflection, Refraction, and Hamiltonian Monte Carlo.","Hadi Mohasel Afshar,Justin Domke,"
335,The Consistency of Common Neighbors for Link Prediction in Stochastic Blockmodels.,"Purnamrita Sarkar,Deepayan Chakrabarti,Peter J. Bickel,"
336,Nearly Optimal Private LASSO.,"Kunal Talwar,Abhradeep Thakurta,Li Zhang,"
337,Convergence Analysis of Prediction Markets via Randomized Subspace Descent.,"Rafael M. Frongillo,Mark D. Reid,"
338,The Poisson Gamma Belief Network.,"Mingyuan Zhou,Yulai Cong,Bo Chen,"
339,Convergence rates of sub-sampled Newton methods.,"Murat A. Erdogdu,Andrea Montanari,"
340,No-Regret Learning in Bayesian Games.,"Jason D. Hartline,Vasilis Syrgkanis,Éva Tardos,"
341,Statistical Topological Data Analysis - A Kernel Perspective.,"Roland Kwitt,Stefan Huber,Marc Niethammer,Weili Lin,Ulrich Bauer,"
342,Semi-supervised Sequence Learning.,"Andrew M. Dai,Quoc V. Le,"
343,Structured Transforms for Small-Footprint Deep Learning.,"Vikas Sindhwani,Tara N. Sainath,Sanjiv Kumar,"
344,Rapidly Mixing Gibbs Sampling for a Class of Factor Graphs Using Hierarchy Width.,"Christopher De Sa,Ce Zhang,Kunle Olukotun,Christopher Ré,"
345,Interpolating Convex and Non-Convex Tensor Decompositions via the Subspace Norm.,"Qinqing Zheng,Ryota Tomioka,"
346,Sample Complexity Bounds for Iterative Stochastic Policy Optimization.,"Marin Kobilarov,"
347,BinaryConnect: Training Deep Neural Networks with binary weights during propagations.,"Matthieu Courbariaux,Yoshua Bengio,Jean-Pierre David,"
348,Interactive Control of Diverse Complex Characters with Neural Networks.,"Igor Mordatch,Kendall Lowrey,Galen Andrew,Zoran Popovic,Emanuel Todorov,"
349,Submodular Hamming Metrics.,"Jennifer Gillenwater,Rishabh K. Iyer,Bethany Lusch,Rahul Kidambi,Jeff A. Bilmes,"
350,A Universal Primal-Dual Convex Optimization Framework.,"Alp Yurtsever,Quoc Tran-Dinh,Volkan Cevher,"
351,Learning From Small Samples: An Analysis of Simple Decision Heuristics.,"Özgür Simsek,Marcus Buckmann,"
352,Explore no more: Improved high-probability regret bounds for non-stochastic bandits.,"Gergely Neu,"
353,Fast and Memory Optimal Low-Rank Matrix Approximation.,"Se-Young Yun,Marc Lelarge,Alexandre Proutière,"
354,Learnability of Influence in Networks.,"Harikrishna Narasimhan,David C. Parkes,Yaron Singer,"
355,Learning Causal Graphs with Small Interventions.,"Karthikeyan Shanmugam,Murat Kocaoglu,Alexandros G. Dimakis,Sriram Vishwanath,"
356,Information-theoretic lower bounds for convex optimization with erroneous oracles.,"Yaron Singer,Jan Vondrák,"
357,Fixed-Length Poisson MRF: Adding Dependencies to the Multinomial.,"David I. Inouye,Pradeep Ravikumar,Inderjit S. Dhillon,"
358,Large-Scale Bayesian Multi-Label Learning via Topic-Based Label Embeddings.,"Piyush Rai,Changwei Hu,Ricardo Henao,Lawrence Carin,"
359,The Self-Normalized Estimator for Counterfactual Learning.,"Adith Swaminathan,Thorsten Joachims,"
360,Fast Lifted MAP Inference via Partitioning.,"Somdeb Sarkhel,Parag Singla,Vibhav Gogate,"
361,Data Generation as Sequential Decision Making.,"Philip Bachman,Doina Precup,"
362,On Elicitation Complexity.,"Rafael M. Frongillo,Ian A. Kash,"
363,Decomposition Bounds for Marginal MAP.,"Wei Ping,Qiang Liu,Alexander T. Ihler,"
364,Discrete Rényi Classifiers.,"Meisam Razaviyayn,Farzan Farnia,David Tse,"
365,A class of network models recoverable by spectral clustering.,"Yali Wan,Marina Meila,"
366,Skip-Thought Vectors.,"Ryan Kiros,Yukun Zhu,Ruslan Salakhutdinov,Richard S. Zemel,Raquel Urtasun,Antonio Torralba,Sanja Fidler,"
367,Rate-Agnostic (Causal) Structure Learning.,"Sergey M. Plis,David Danks,Cynthia Freeman,Vince D. Calhoun,"
368,Principal Geodesic Analysis for Probability Measures under the Optimal Transport Metric.,"Vivien Seguy,Marco Cuturi,"
369,Consistent Multilabel Classification.,"Oluwasanmi Koyejo,Nagarajan Natarajan,Pradeep Ravikumar,Inderjit S. Dhillon,"
370,Parallel Predictive Entropy Search for Batch Global Optimization of Expensive Objective Functions.,"Amar Shah,Zoubin Ghahramani,"
371,Cornering Stationary and Restless Mixing Bandits with Remix-UCB.,"Julien Audiffren,Liva Ralaivola,"
372,Semi-Supervised Factored Logistic Regression for High-Dimensional Neuroimaging Data.,"Danilo Bzdok,Michael Eickenberg,Olivier Grisel,Bertrand Thirion,Gaël Varoquaux,"
373,Gaussian Process Random Fields.,"David A. Moore,Stuart J. Russell,"
374,M-Statistic for Kernel Change-Point Detection.,"Shuang Li,Yao Xie,Hanjun Dai,Le Song,"
375,Adaptive Online Learning.,"Dylan J. Foster,Alexander Rakhlin,Karthik Sridharan,"
376,A Universal Catalyst for First-Order Optimization.,"Hongzhou Lin,Julien Mairal,Zaïd Harchaoui,"
377,Inference for determinantal point processes without spectral knowledge.,"Rémi Bardenet,Michalis K. Titsias,"
378,Kullback-Leibler Proximal Variational Inference.,"Mohammad E. Khan,Pierre Baqué,François Fleuret,Pascal Fua,"
379,Semi-Proximal Mirror-Prox for Nonsmooth Composite Minimization.,"Niao He,Zaïd Harchaoui,"
380,LASSO with Non-linear Measurements is Equivalent to One With Linear Measurements.,"Christos Thrampoulidis,Ehsan Abbasi,Babak Hassibi,"
381,From random walks to distances on unweighted graphs.,"Tatsunori B. Hashimoto,Yi Sun,Tommi S. Jaakkola,"
382,Bayesian dark knowledge.,"Anoop Korattikara Balan,Vivek Rathod,Kevin P. Murphy,Max Welling,"
383,Matrix Completion with Noisy Side Information.,"Kai-Yang Chiang,Cho-Jui Hsieh,Inderjit S. Dhillon,"
384,Dependent Multinomial Models Made Easy: Stick-Breaking with the Polya-gamma Augmentation.,"Scott W. Linderman,Matthew J. Johnson,Ryan P. Adams,"
385,On-the-Job Learning with Bayesian Decision Theory.,"Keenon Werling,Arun Tejasvi Chaganty,Percy Liang,Christopher D. Manning,"
386,Calibrated Structured Prediction.,"Volodymyr Kuleshov,Percy Liang,"
387,Learning Structured Output Representation using Deep Conditional Generative Models.,"Kihyuk Sohn,Honglak Lee,Xinchen Yan,"
388,Time-Sensitive Recommendation From Recurrent User Activities.,"Nan Du,Yichen Wang,Niao He,Jimeng Sun,Le Song,"
389,Learning Stationary Time Series using Gaussian Processes with Nonparametric Kernels.,"Felipe A. Tobar,Thang D. Bui,Richard E. Turner,"
390,A Market Framework for Eliciting Private Data.,"Bo Waggoner,Rafael M. Frongillo,Jacob D. Abernethy,"
391,Lifted Inference Rules With Constraints.,"Happy Mittal,Anuj Mahajan,Vibhav Gogate,Parag Singla,"
392,Gradient Estimation Using Stochastic Computation Graphs.,"John Schulman,Nicolas Heess,Theophane Weber,Pieter Abbeel,"
393,Model-Based Relative Entropy Stochastic Search.,"Abbas Abdolmaleki,Rudolf Lioutikov,Jan Peters,Nuno Lau,Luís Paulo Reis,Gerhard Neumann,"
394,Semi-supervised Learning with Ladder Networks.,"Antti Rasmus,Mathias Berglund,Mikko Honkala,Harri Valpola,Tapani Raiko,"
395,Embedding Inference for Structured Multilabel Prediction.,"Farzaneh Mirzazadeh,Siamak Ravanbakhsh,Nan Ding,Dale Schuurmans,"
396,Copula variational inference.,"Dustin Tran,David M. Blei,Edoardo M. Airoldi,"
397,Recursive Training of 2D-3D Convolutional Networks for Neuronal Boundary Prediction.,"Kisuk Lee,Aleksandar Zlateski,Ashwin Vishwanathan,H. Sebastian Seung,"
398,A Dual Augmented Block Minimization Framework for Learning with Limited Memory.,"Ian En-Hsu Yen,Shan-Wei Lin,Shou-De Lin,"
399,Optimal Testing for Properties of Distributions.,"Jayadev Acharya,Constantinos Daskalakis,Gautam Kamath,"
400,Efficient Learning of Continuous-Time Hidden Markov Models for Disease Progression.,"Yu-Ying Liu,Shuang Li,Fuxin Li,Le Song,James M. Rehg,"
401,Expectation Particle Belief Propagation.,"Thibaut Lienart,Yee Whye Teh,Arnaud Doucet,"
402,Latent Bayesian melding for integrating individual and population models.,"Mingjun Zhong,Nigel H. Goddard,Charles Sutton,"
